{
  "participantsCoords": {
    "A": [
      23.0621184,
      72.5712896
    ],
    "A01": [
      23.1990263,
      72.6487731
    ],
    "A02": [
      23.1990683,
      72.6488755
    ],
    "A03": [
      23.1992949,
      72.6490722
    ],
    "A04": [
      23.1995952,
      72.6489609
    ],
    "A05": [
      23.1991638,
      72.6493271
    ],
    "A06": [
      23.1992223,
      72.6489284
    ],
    "A07": [
      23.20065157671075,
      72.64871844606417
    ],
    "A08": [
      23.2006947,
      72.6487833
    ],
    "A10": [
      23.1997099,
      72.6505766
    ],
    "B": [
      23.76891,
      72.660443
    ],
    "B01": [
      23.2281338,
      72.6399271
    ],
    "B02": [
      23.2284372,
      72.6393529
    ],
    "B03": [
      23.2282738,
      72.6394345
    ],
    "B05": [
      23.2281367,
      72.6400003
    ],
    "B08": [
      23.1990423,
      72.6490699
    ],
    "B09": [
      23.1989781,
      72.6489563
    ],
    "C06": [
      23.1997167,
      72.650525
    ],
    "D": [
      23.2392918,
      72.6700488
    ],
    "E": [
      23.242078,
      72.6944307
    ],
    "G": [
      23.2437178,
      72.6918164
    ],
    "G=": [
      23.07982224417353,
      72.53843078716297
    ],
    "H": [
      23.2423568,
      72.6944593
    ],
    "I": [
      23.239199,
      72.6682846
    ],
    "J": [
      23.242123,
      72.6944084
    ],
    "K": [
      23.2422572,
      72.6944382
    ],
    "L": [
      23.2423583,
      72.6944671
    ],
    "N": [
      23.2391899,
      72.6683196
    ],
    "O": [
      23.244461,
      72.6918209
    ],
    "P": [
      23.2400761,
      72.6685063
    ],
    "S": [
      "23.841592",
      "72.659534"
    ],
    "T": [
      "23.841592",
      "72.659534"
    ],
    "W": [
      23.2388894,
      72.6665204
    ],
    "X": [
      23.24247,
      72.6681475
    ],
    "Y": [
      "23.841592",
      "72.659534"
    ],
    "Z": [
      "23.841592",
      "72.659534"
    ],
    "Z0": [
      23.0785024,
      72.564736
    ],
    "Z0=": [
      23.243623729999715,
      72.69173430999999
    ],
    "Z1": [
      23.240112,
      72.665614
    ],
    "Z2": [
      37.386052,
      -122.083851
    ],
    "Z3": [
      23.2426057,
      72.6681928
    ],
    "Z4": [
      37.386052,
      -122.083851
    ],
    "Z5": [
      37.386052,
      -122.083851
    ],
    "Z6": [
      23.1991117,
      72.6492938
    ]
  }
}